{"weights":[0.1459548103477276,-0.025793257945120992,0.17403830316996396,0.016780197127434053,0.08668103462552425,0.10546119057575479,-0.06528620807780451,-0.029936121899079123,-0.1299971536036108,-0.03400927247098169,0,-0.06886338363109823],"bias":-0.06534625550140202}