{"weights":[0.013622249424674958,-0.002652098228799521,0.003777686813965203,0.014356843050894557,0.19345352189135206,0.000016777156389255857,-0.0006754799773577752,-0.5557719857383276,0.006738929322205127,0.0008083296631346521,0.04153195018502615,0.15424838141480546,-0.04244284021015617,0,0,0,0,0,0,0,0,0],"bias":0.014526183726689587}