{"weights":[0.10901104442820736,0.024528039717799814,0.08891761258226542,0.04201972896726767,0.17968864882887156,0.06472107395253228,-0.053242746058664144,-0.1326680147863835,0.013207486842583455,-0.11453425379654814,0.09822281212692312,0.09262178114799619,-0.08791765765614992,-0.229801860845932,-0.24793730172738715,-0.009697859775034803],"bias":0.01849948196697699}