{"weights":[0.15548564455707434,-0.019491198238893847,0.18724652674769765,0.01657138523585805,0.0703684831922469,0.10256343479083321,-0.07086119363629961,-0.02631662241694129,-0.11330875732460305,-0.021413038392133526,0,-0.07591198187006006],"bias":-0.05913653212415487}