{"weights":[0,0,0,0,0,0,-0.05227920160094212,0,-0.07591616205406532,0,0,0.04870303534477824,0.08600882775962221,-0.05184908557244189,-0.07573867029372637,-0.22295466331986524],"bias":-0.01811513415867921}