{"weights":[0.11054663135825742,0.014387898711881255,0.0958048357180707,0.025073803154442076,0.18489102067967542,0.05952515590938908,-0.06360987446024434,-0.13974053591896654,0.002047030742461998,-0.11098859661779957,0.06801540799123357,0.0997576021975425,-0.08213053400725777,-0.10209893384364432,-0.2284969520487719],"bias":-0.008975094273600432}