{"weights":[0.15554889513397874,-0.019535209101093857,0.187203632028389,0.016581211682538167,0.0702903466770888,0.1025167741519152,-0.070274521318944,-0.026408172232941583,-0.11328885698150988,-0.02150613087662672,0,-0.0758966787728381],"bias":-0.059077278417001805}