{"weights":[0.10795667652573018,0.003504120553274501,0.06629056946246169,0.011424905972451898,0.1800107974826336,0.033600316487506075,-0.0604887284512879,-0.13615458091495086,0.009414300507493934,-0.11800944268236471,0,0,0,0,-0.22491557785726038,0],"bias":-0.03257728850422292}