{"weights":[0.18300901354020194,-0.008131296693207507,0.16643569018185914,0.015441370331628923,0.0556371691652821,0.07639213481131871,-0.057343581865691266,-0.014089681914230339,-0.07834040746572386,-0.012853525316843575,-0.01658772289491828,-0.06541063803347684],"bias":-0.03622471962380835}