{"weights":[0.17764223172979063,0.000545145118784147,0.1775348505760323,0.025076266594938015,0.05623862872620216,0.11064255465629651,-0.05884317975393343,-0.012585940709822168,-0.07553210164441351,-0.008701833245229992,-0.0014879071978701995,-0.06517326543824363],"bias":-0.03070328165971266}