{"weights":[0.01316056745661133,0.057584839392305104,0.002098667604891782,0.007198012107168131,0.10753892300593906,0.000013782252853216376,-0.10378997209220688,-0.35457684168296194,0.015524114478855504,-0.012794733488583085,0.0998396293284229,0.05805541523411897,-0.06129313821771738,0,-0.08622115136423843,-0.13536174567667153,0.03256754114943657,-0.071690381259665,-0.049323744776386846,-0.07233655311462646,-0.07712791182320128,-0.1622044514992821,0.22641515848019042,0.13759714192193567,0.09166579487238725,-0.143526334540664,-0.10112845898829734],"bias":0.07142391935398576}